Date,Site,Station_Depth_m,Sample_Depth_m,Sample_Depth_category,Arrival_Time,Departure_Time,Lat_deg,Long_deg,Wind_speed_ms-1,Sky,Secchi_Depth_m,Temp_C,SpCond_uScm-1,BeamAtten_m-1,Transmiss_pct,DO_mgL-1,PAR_uEcm-2s-1,Turbidity_NTU,Particulate_Microcystin_ugL-1,Dissolved_Microcystin_ugL-1,Extracted_PC_ugL-1,Extracted_CHLa_ugL-1,Total_cyanobacteria_genes_copiesmL-1,mycE_genes_copiesmL-1,DIC (uM),TALK,Date_Dec
4/28/25,WE2,5.6,0.75,S,12:45,12:59,41.76226667,-83.33005,4.1,Clear,1,14.24627647,365.6265294,6.282864706,22.02437647,,3177.123529,10.42,BDL,BDL,0.11,3.16,12336,BDL,2043.046667,2051.020606,2025.325
4/28/25,WE2,,4.6,B,,,,,,,,13.24764615,353.7570769,5.116053846,27.83525385,,17.88392308,,BDL,BDL,0.14,3.42,NS,NS,NS,NS,2025.325
4/28/25,WE4,8.9,0.75,S,9:26,,41.82651667,-83.19483333,3.6,Clear,2,11.452295,263.1685,4.250135,35.69376,,2253.4905,4.01,BDL,BDL,0.24,4.79,31048,BDL,1797.293333,1804.931606,2025.325
4/28/25,WE6,3.2,0.75,S,11:50,12:05,41.70605,-83.38416667,6.17,Clear,0.5,15.337525,509.1470833,12.21468333,4.875983333,,2551.958333,22.43,BDL,0.13,0.31,7.46,32381,BDL,2622.09,2669.682606,2025.325
4/28/25,WE8,5.4,0.75,S,8:35,8:57,41.83308333,-83.359,6.17,Clear,1.5,14.29124386,356.1816842,4.307245614,35.47699123,,992.4687719,5.29,BDL,0.1,0.89,9.02,87284,BDL,2086.7,2126.554606,2025.325
4/28/25,WE8,,4.4,B,,,,,,,,14.42239286,355.8582143,4.406635714,33.23815,,13.99271429,,BDL,BDL,0.71,7.24,NS,NS,NS,NS,2025.325
4/28/25,WE9,2.8,0.75,S,12:15,12:27,41.71761667,-83.42336667,5.14,Clear,0.5,16.76828,619.872,12.85666,4.117346667,,3168.413333,15.55,0.11,0.12,8.69,50.64,301954,BDL,3117.928333,3280.221106,2025.325
4/28/25,WE12,6.9,0.75,S,11:11,11:27,41.7018,-83.25073333,3.09,Clear,0.5,13.16780667,355.0400667,16.29133333,1.71634,,2705.113333,39,BDL,0.12,0.47,3.39,5360,BDL,2015.86,2027.312106,2025.325
4/28/25,WE12,,5.9,B,,,,,,,,12.23522667,341.2406667,12.58756,4.350973333,,5.77E-05,,BDL,BDL,0.28,3.33,NS,NS,NS,NS,2025.325
4/28/25,WE13,9.3,0.75,S,10:00,10:18,41.74361667,-83.13655,4.12,Clear,1.5,11.4331142,286.771537,5.873881481,23.33516111,,1740.444444,7.55,BDL,0.12,0.63,10.19,32839,BDL,1843.546667,1871.591106,2025.325
4/28/25,WE13,,8.3,B,,,,,,,,10.75076667,280.7034667,4.960333333,28.93848667,,1.41804,,BDL,BDL,0.17,6.27,NS,NS,NS,NS,2025.325
4/28/25,WE16,6.3,0.75,S,10:40,10:53,41.6589,-83.14385,5.66,Clear,,12.55826912,205.5817059,7.728654412,16.49511324,,3420.502941,11.12,BDL,0.11,0.15,1.14,2988,BDL,1869.543333,1858.481106,2025.325
5/19/25,WE2,5.8,0.75,S,12:38,12:58,41.76265,-83.32978333,3.09,Cloudy,,16.98676269,428.6984254,8.540601493,12.05390672,10.23081493,824.6731343,21.1,BDL,0.18,0.32,5.89,22256,BDL,2284.16,2329.195076,2025.383333
5/19/25,WE2,,4.8,B,,,,,,,,17.50815,424.2525,5.725225,24.018125,6.7126,0.005643898,,BDL,0.16,0.16,4.4,NS,NS,NS,NS,2025.383333
5/19/25,WE4,8.8,0.75,S,9:05,9:20,41.82666667,-83.19443333,5.14,Cloudy,,15.51297568,254.6844595,2.34072027,56.12296554,8.369750676,328.7794595,5.29,BDL,0.11,0.24,4.5,7127,BDL,1817.615,1815.564576,2025.383333
5/19/25,WE6,3.3,0.75,S,11:35,11:49,41.70583333,-83.38435,3.09,Cloudy,,17.24757952,479.4036857,11.82537952,5.207592381,11.08942429,13.43921838,28.25,BDL,0.2,1.01,22.6,78567,BDL,2425.351667,2486.867576,2025.383333
5/19/25,WE8,5.3,0.75,S,8:15,8:38,41.83405,-83.35855,4.12,Cloudy,,18.06312269,389.1865042,2.276694958,56.6470958,6.946257143,50.79752101,5.95,BDL,0.11,0.17,3.3,15445,BDL,2278.416667,2279.831576,2025.383333
5/19/25,WE8,,4.3,B,,,,,,,,18.1023,391.88925,2.2292375,57.2751,6.4165125,1.173864375,,BDL,0.13,0.16,3.35,NS,NS,NS,NS,2025.383333
5/19/25,WE9,3,0.75,S,11:58,12:18,41.71768333,-83.42295,4.12,Cloudy,,17.45737872,454.0209078,33.90613475,0.028440426,10.30143333,32.59587305,77.11,BDL,0.12,0.67,75.62,20785,BDL,2631.066667,2614.497076,2025.383333
5/19/25,WE12,6.9,0.75,S,10:53,11:12,41.7033,-83.25241667,4.63,Cloudy,,16.49485063,378.3762688,6.983885,17.500215,9.87721625,156.8302063,16.94,BDL,BDL,0.2,11.05,91536,BDL,2126.731667,2146.023076,2025.383333
5/19/25,WE12,,5.9,B,,,,,,,,17.15955,380.181,7.32055,16.04335,7.4189,7.57E-05,,BDL,0.11,0.28,10.93,NS,NS,NS,NS,2025.383333
5/19/25,WE13,9.3,0.75,S,9:41,9:59,41.74296667,-83.13681667,5.66,Clear,,15.53703025,306.2827059,4.194316807,36.06563193,10.51692773,201.2963866,7.68,BDL,BDL,0.79,11.07,54739,BDL,1913.886667,1942.051576,2025.383333
5/19/25,WE13,,8.3,B,,,,,,,,15.92450909,307.8799091,3.828027273,38.40420909,7.461372727,6.26E-05,,BDL,BDL,0.59,10.8,NS,NS,NS,NS,2025.383333
5/19/25,WE16,6.4,0.75,S,10:18,10:32,41.65985,-83.145,3.09,Cloudy,,15.58491892,341.52475,4.125812162,35.67491081,10.3375723,226.5533108,11.38,BDL,0.1,0.16,4.79,24774,BDL,2019.638333,2020.627076,2025.383333
6/2/25,WE2,5.5,0.75,S,11:54,N/A,41.76186667,-83.33136667,3.09,"Clear, Haze",2,17.32965,273.5328333,3.725183333,39.55448333,8.912141667,2568.391667,3.37,BDL,0.13,1.02,8.95,61743,BDL,1849.836667,1894.600968,2025.419444
6/2/25,WE2,,4.5,B,,,,,,,,16.49546923,270.8674615,5.972669231,22.47400769,8.880738462,164.1538462,,BDL,BDL,0.13,4.62,NS,NS,NS,NS,2025.419444
6/2/25,WE4,8.6,0.75,S,8:48,9:02,41.8271,-83.19636667,4.63,Clear,2.8,14.63083394,233.8518349,2.887508716,48.6201555,7.867246789,379.5593119,2.09,BDL,BDL,0.06,1.94,1568,BDL,1691.29,1663.658468,2025.419444
6/2/25,WE6,3.2,0.75,S,0:00,11:10,41.70311667,-83.38331667,1.54,N/A,1.5,17.14119167,370.4163333,5.282575,29.95906667,8.7376,2636.808333,5.34,BDL,BDL,0.64,7.4,144753,BDL,2124.328333,2199.643468,2025.419444
6/2/25,WE8,5.2,0.75,S,8:11,8:25,41.83341667,-83.36035,5.14,"Clear, Haze",2,16.41715953,294.9318599,3.852503502,38.3137751,8.263517899,418.6344358,2.75,BDL,0.16,0.73,8.93,85334,BDL,1884.673333,1957.034468,2025.419444
6/2/25,WE8,,4.2,B,,,,,,,,16.19293846,290.3493077,2.844846154,49.10551538,8.920076923,66.10684615,,BDL,BDL,0.46,3.47,NS,NS,NS,NS,2025.419444
6/2/25,WE9,2.7,0.75,S,11:24,11:36,41.71775,-83.42406667,2.06,"Clear, Haze",0.75,18.24997377,539.6615738,8.730579235,11.3404929,5.904596721,1464.385792,24.99,BDL,BDL,0.35,15.9,181073,BDL,2777.821667,2864.902968,2025.419444
6/2/25,WE12,6.8,0.75,S,10:22,10:35,41.70273333,-83.25298333,3.6,"Clear, Haze",N/A,16.79736207,297.2606798,5.005457143,28.61739606,6.797878325,1604.385714,5.93,BDL,BDL,0.93,12.94,116389,BDL,1896.423333,1959.963968,2025.419444
6/2/25,WE12,,5.8,B,,,,,,,,16.42464167,291.6173333,4.992216667,28.70690833,9.383375,11.25438333,,BDL,0.1,0.23,6.76,NS,NS,NS,NS,2025.419444
6/2/25,WE13,9.1,0.75,S,9:21,9:32,41.74345,-83.13618333,4.63,"Clear, Haze",2.5,16.004125,250.9995833,4.487291667,34.544775,9.106366667,1350.441667,2.61,BDL,BDL,0.23,4.81,12283,BDL,1764.658333,1835.213468,2025.419444
6/2/25,WE13,,8.1,B,,,,,,,,15.95473846,254.5693846,3.813346154,38.60807692,9.440138462,18.34330769,,BDL,BDL,0.42,4.11,NS,NS,NS,NS,2025.419444
6/2/25,WE16,6.2,0.75,S,9:52,10:03,41.65943333,-83.14518333,3.09,"Clear, Haze",1.5,16.21720833,345.394,4.754841667,32.59355833,8.660133333,1749.535833,6.94,BDL,BDL,0.24,5.9,50191,BDL,2045.303333,2112.308968,2025.419444
6/16/25,WE2,5.6,0.75,S,11:27,11:40,41.76218333,-83.32986667,3.09,Partly cloudy,1,18.14625584,402.8055482,6.595390863,19.24972234,7.05437868,1338.079898,10.44,BDL,BDL,0.81,19.35,312734,BDL,1929.616667,2021.44829,2025.458333
6/16/25,WE2,,4.6,B,,,,,,,,19.12043333,403.1380476,6.342271429,20.48331429,8.5096,7.916966667,,BDL,0.12,0.95,19.65,NS,NS,NS,NS,2025.458333
6/16/25,WE4,8.7,0.75,S,8:40,8:51,41.82668333,-83.19555,4.63,Partly cloudy,1.5,17.55476667,234.7421111,7.029411111,22.59986667,9.830277778,392.5588889,6.09,BDL,BDL,0.18,11.41,157686,BDL,1703.125,1752.44829,2025.458333
6/16/25,WE6,3.3,0.75,S,10:44,10:54,41.7056,-83.38471667,1.54,Partly cloudy,1,18.42484918,406.9058361,7.260714754,16.40092951,7.942247541,1047.532623,15.51,BDL,BDL,0.34,21.58,607742,BDL,1974.55,2114.69929,2025.458333
6/16/25,WE8,5.2,0.75,S,7:58,8:14,41.8342,-83.35958333,5.14,Cloudy,1.25,19.15484828,211.3441256,6.299324877,20.8126468,8.342147291,223.9339163,8.51,BDL,BDL,1.12,21.97,399936,BDL,1879.975,1947.15979,2025.458333
6/16/25,WE8,,4.2,B,,,,,,,,19.70806667,227.164,6.1644,21.41453333,9.325055556,3.104,,BDL,BDL,1.3,18.59,NS,NS,NS,NS,2025.458333
6/16/25,WE9,3,0.75,S,11:02,11:11,41.71771667,-83.42316667,2.06,Partly cloudy,0.75,18.75845818,401.2233212,8.755433939,11.48432,6.432067879,937.8533939,21.22,BDL,0.14,2.61,20.87,627203,34,2391.856667,2490.90979,2025.458333
6/16/25,WE12,6.9,0.75,S,10:12,10:23,41.70286667,-83.25326667,3.6,N/A,1,18.26693333,397.8138704,6.479742593,19.81062037,8.739425926,847.2614815,8.45,BDL,BDL,1.43,42.6,649810,62,1960.656667,2083.70129,2025.458333
6/16/25,WE12,,5.9,B,,,,,,,,19.07796667,397.323,6.840758333,18.08953333,9.491183333,0.929084167,,BDL,BDL,0.49,35.55,NS,NS,NS,NS,2025.458333
6/16/25,WE13,9.2,0.75,S,9:12,9:27,41.74331667,-83.13638333,4.63,Partly cloudy,1.25,17.3853875,384.265625,6.8934125,18.644725,9.2171375,1545.6875,6.84,BDL,BDL,0.03,2.41,11335,BDL,1744.085,1778.59729,2025.458333
6/16/25,WE13,,8.2,B,,,,,,,,18.51622941,390.7695294,6.408888235,20.14892941,8.201623529,1.866141176,,BDL,0.12,0.07,2.57,NS,NS,NS,NS,2025.458333
6/16/25,WE16,6.4,0.75,S,9:45,9:55,41.6605,-83.11966667,3.09,Partly cloudy,1.5,18.215775,388.443125,5.8956125,29.8783375,9.5713625,1142.16,6.2,BDL,BDL,0.05,6.34,116048,BDL,2008.751667,2062.69429,2025.458333
6/23/25,WE2,5.6,0.75,S,12:05,12:18,41.76198333,-83.33008333,4.12,Clear,2,25.29107,407.558,4.79618,35.76365,8.17812,3530.32727,5.03,BDL,0.12,1.6,11.77,315966,BDL,2228.3,2331.122345,2025.477778
6/23/25,WE2,,4.6,B,,,,,,,,21.139,260.18033,2.34035,55.70582,7.19707,34.24127,,BDL,BDL,0.35,13.6,NS,NS,NS,NS,2025.477778
6/23/25,WE4,8.6,0.75,S,8:56,9:08,41.8266,-83.19565,4.12,Clear,3,23.68575,275.84591,3.57118,43.83079,8.61195,628.95455,2.03,BDL,BDL,3.7,13.59,185141,BDL,1738.065,1845.461845,2025.477778
6/23/25,WE6,3.3,0.75,S,11:12,11:23,41.70688333,-83.38615,4.63,Clear,1,25.35829,446.2391,6.04027,25.70842,7.83099,3130.27,10.2,BDL,BDL,1.45,36,500124,BDL,2330.213333,2418.106345,2025.477778
6/23/25,WE8,5.1,0.75,S,8:12,8:30,41.83395,-83.36081667,3.09,Clear,2.5,23.95317,345.44615,1.81466,64.50491,6.60378,186.44761,3.96,BDL,0.16,0.97,2.32,25326,BDL,2005.761667,2077.119345,2025.477778
6/23/25,WE8,,4.1,B,,,,,,,,21.94068,328.13563,1.65809,66.06683,6.68239,17.82988,,BDL,0.11,0.12,1.72,NS,NS,NS,NS,2025.477778
6/23/25,WE9,2.8,0.75,S,11:31,11:45,41.7178,-83.424,5.66,Clear,0.75,24.35279,412.52682,9.71043,10.22064,7.75391,3127.10909,18.57,BDL,BDL,2.11,32.73,433914,39,2270.621667,2329.849845,2025.477778
6/23/25,WE12,6.7,0.75,S,10:35,10:49,41.70306667,-83.2552,5.14,Clear,2.25,23.71013,279.72807,5.97861,34.46765,8.47715,2542.24286,3.9,BDL,BDL,0.78,10.19,113772,BDL,1787.24,1884.448845,2025.477778
6/23/25,WE12,,5.7,B,,,,,,,,20.02932,243.85838,4.82312,30.54991,7.13989,52.85362,,BDL,BDL,0.38,30.7,NS,NS,NS,NS,2025.477778
6/23/25,WE13,9.2,0.75,S,9:27,9:39,41.745,-83.1373,3.6,Clear,3.5,22.42914,233.63788,1.87415,64.35116,7.83476,1231.81931,1.48,BDL,0.14,0.2,3.78,5784,BDL,1644.655,1693.035845,2025.477778
6/23/25,WE13,,8.2,B,,,,,,,,19.57543,230.739,4.00935,36.75138,7.01483,53.64631,,BDL,BDL,0.38,3.87,NS,NS,NS,NS,2025.477778
6/23/25,WE16,6.4,0.75,S,9:58,10:15,41.66076667,-83.1461,5.66,Clear,2.5,23.02952,247.7479,4.85753,42.49263,8.52929,2459.95,2.76,BDL,0.16,1.78,6.25,110522,24,1693.608333,1766.025345,2025.477778
6/30/25,WE2,5.6,0.75,S,11:52,12:05,41.76215,-83.32986667,3,,3.5,25.70415676,294.5039297,1.430705405,70.85952324,5.891239459,368.4134054,1.47,BDL,BDL,1.01,3.44,1516,BDL,1862.73,1948.963694,2025.497222
6/30/25,WE2,,4.6,B,,,,,,,,24.82836061,286.3952424,1.61470303,66.7928303,6.320154545,31.29648485,,BDL,BDL,0.42,3.57,NS,NS,NS,NS,2025.497222
6/30/25,WE4,8.6,0.75,S,8:54,9:12,41.82591667,-83.19728333,5,Cloudy,3,25.8142376,306.612148,1.580834,68.7160524,6.472872,375.54684,0.95,BDL,BDL,0.48,3.25,7653,BDL,1609.326667,1695.323194,2025.497222
6/30/25,WE6,3.2,0.75,S,11:12,11:20,41.70575,-83.38458333,5.5,Cloudy,2.5,26.83001753,430.975974,2.151830519,59.41760584,4.371513636,1145.882403,4.47,BDL,BDL,0.69,7.81,120005,BDL,2339.231667,2390.273194,2025.497222
6/30/25,WE8,5.3,0.75,S,8:14,8:25,41.8335,-83.35845,7,Cloudy,2.5,24.66096473,235.7993661,2.575871429,62.4115683,7.973483482,347.2295982,1.84,BDL,BDL,0.87,4.14,2895,BDL,1930.77,1986.093694,2025.497222
6/30/25,WE8,,4.3,B,,,,,,,,21.8277,244.4070909,1.5671,67.5975,4.034345455,24.44345455,,BDL,BDL,1.01,4.16,NS,NS,NS,NS,2025.497222
6/30/25,WE9,2.9,0.75,S,11:27,11:36,41.7179,-83.42325,6,Cloudy,1,26.9475,461.8834539,4.744638158,30.93924934,4.643674342,664.2839474,9.25,BDL,BDL,0.73,37.21,778072,13,2524.993333,2581.941194,2025.497222
6/30/25,WE12,6.8,0.75,S,10:40,10:50,41.7029,-83.25446667,8.5,Cloudy,2.75,25.9926725,308.5624375,1.657360625,66.46760063,5.677835625,455.6875,2.07,BDL,BDL,2.51,6.03,8706,BDL,1918.608333,1991.096694,2025.497222
6/30/25,WE12,,5.8,B,,,,,,,,20.98933333,250.6588571,4.645947619,31.40221429,3.915733333,17.47657143,,BDL,0.1,0.19,3.8,NS,NS,NS,NS,2025.497222
6/30/25,WE13,9.1,0.75,S,9:33,9:51,41.74213333,-83.13675,7,,3.5,25.57216966,259.6028483,1.380277931,71.92116138,7.206928276,563.591931,0.99,BDL,BDL,0.4,2.97,2272,BDL,1710.021667,1812.038694,2025.497222
6/30/25,WE13,,8.1,B,,,,,,,,20.75658889,238.6031111,5.249355556,26.92286667,4.609688889,20.63422222,,BDL,BDL,0.46,2.8,NS,NS,NS,NS,2025.497222
6/30/25,WE16,6.3,0.75,S,10:09,10:20,41.65913333,-83.14571667,5.5,Drizzle,3,25.73803467,283.03446,1.559717333,69.04533067,6.023538667,926.0808,1.47,BDL,BDL,0.19,2.48,5594,BDL,1828.116667,1903.826694,2025.497222
7/7/25,WE2,5.7,0.75,S,11:55,12:09,41.76263333,-83.32945,6.17,Cloudy,,26.23057071,322.0479214,2.535271429,56.70094071,6.283890714,91.47833571,2.33,BDL,0.11,2.26,9.56,86811,80,1930.716667,,2025.516667
7/7/25,WE2,,4.7,B,,,,,,,,26.42337143,316.0194286,2.147928571,58.45424286,6.156871429,5.113035714,,BDL,0.11,1.27,8.54,NS,NS,NS,NS,2025.516667
7/7/25,WE4,8.6,0.75,S,9:00,9:15,41.82681667,-83.19433333,7.2,"Haze, Cloudy",,25.72324857,255.6982929,1.854881429,65.06409571,6.839342143,185.9843571,0.73,BDL,BDL,0.86,5.57,7152,BDL,1679.845,,2025.516667
7/7/25,WE6,3.1,0.75,S,11:09,11:24,41.70753333,-83.3791,4.12,Showers,,27.34266605,450.6828047,1.758046512,66.9184614,5.324949302,102.4855767,2.37,BDL,BDL,0.1,4.42,115630,BDL,2354.846667,,2025.516667
7/7/25,WE8,5.1,0.75,S,8:17,8:34,41.83398333,-83.36085,2.57,"Haze, Cloudy",,26.34728438,295.9358281,1.91258125,62.17516094,5.511410156,307.2169922,1.73,BDL,BDL,2.24,7.93,4572,18,1881.195,,2025.516667
7/7/25,WE8,,4.1,B,,,,,,,,26.63633077,294.3049231,1.765723077,64.31266923,6.404146154,32.86346154,,BDL,BDL,2.21,7.67,NS,NS,NS,NS,2025.516667
7/7/25,WE9,2.9,0.75,S,11:29,11:38,41.71765,-83.42353333,5.66,Cloudy,,26.68802252,371.0007973,2.898510811,49.22551396,6.263823874,265.3245045,3.53,BDL,0.1,1.56,30.17,670010,67,2129.015,,2025.516667
7/7/25,WE12,6.9,0.75,S,10:34,,41.70275,-83.25315,4.12,Cloudy,,25.80839267,246.77228,2.327700667,59.33408867,7.051784667,393.1002667,1.37,BDL,BDL,2.64,8.81,8472,BDL,1647.226667,,2025.516667
7/7/25,WE12,,5.9,B,,,,,,,,22.72540952,258.6741429,3.552833333,42.47827619,2.587638095,35.95185714,,BDL,BDL,2.29,8.81,NS,NS,NS,NS,2025.516667
7/7/25,WE13,9.1,0.75,S,9:35,9:47,41.74398333,-83.13773333,3.6,"Haze, Cloudy",,25.55939774,232.8715989,1.910279096,64.3742678,7.306663277,473.4646893,0.73,BDL,BDL,1.47,6.5,14515,BDL,1603.253333,,2025.516667
7/7/25,WE13,,8.1,B,,,,,,,,21.10499375,242.3295625,3.25864375,44.4124375,1.74078125,26.0325,,BDL,BDL,0.78,6.18,NS,NS,NS,NS,2025.516667
7/7/25,WE16,6.2,0.75,S,10:06,10:14,41.65926667,-83.14503333,4.12,Cloudy,,26.11791223,267.8971485,2.460310917,57.05761223,6.919941921,113.7393188,1.36,BDL,BDL,1.9,8.1,19916,35,1739.901667,,2025.516667
7/14/25,WE2,5.4,0.75,S,12:56,1:15,41.76168333,-83.33088333,1.03,Clear,3,26.70465217,262.4588478,2.144819565,61.93887391,5.949713043,2248.830435,2.09,BDL,BDL,1.11,5.2,10158,114,1740.675,1803.647792,2025.536111
7/14/25,WE2,,4.4,B,,,,,,,,26.22317143,266.3742381,2.003814286,60.60276667,6.89742381,335.6780952,,BDL,BDL,1.6,6.06,NS,NS,,,2025.536111
7/14/25,WE4,8.6,0.75,S,9:26,9:43,41.82786667,-83.19526667,5.14,Clear,2.5,25.23828163,254.3737653,2.11374949,60.86326122,5.955360714,475.2626531,2.88,BDL,BDL,2.72,11.66,24453,BDL,1711.478333,1786.509757,2025.536111
7/14/25,WE6,3,0.75,S,11:59,12:15,41.70575,-83.3843,2.57,Clear,2.75,27.36499091,429.6172727,3.313472727,52.57080909,7.309490909,2895.472727,1.51,BDL,0.14,3.69,9.34,49584,41,2195.761667,2335.620717,2025.536111
7/14/25,WE8,5.1,0.75,S,8:36,9:02,41.83428,-83.360077,5.14,Clear,2.5,26.44988244,298.167561,1.642580976,66.32301317,5.374682439,351.7463415,1.38,BDL,BDL,2.25,10.48,73155,BDL,1880.83,1929.251808,2025.536111
7/14/25,WE8,,4.1,B,,,,,,,,26.45560714,298.1364286,1.67915,65.71912857,6.600364286,46.99421429,,BDL,BDL,4.34,10.33,NS,NS,,,2025.536111
7/14/25,WE9,2.9,0.75,S,12:22,12:37,41.71791667,-83.42245,3.6,Clear,2.5,27.26778,393.2643,3.92717,49.12576,6.55931,2962.15,3.9,BDL,BDL,1.06,9.08,78182,BDL,2183.18,2222.324993,2025.536111
7/14/25,WE12,6.7,0.75,S,11:18,11:38,41.7028,-83.25441667,3.6,Clear,2.5,26.29773975,273.6791553,2.771234783,50.74762112,6.675598758,1994.536025,3.44,0.15,BDL,5.89,12.97,22425,85,1770.555,1862.186885,2025.536111
7/14/25,WE12,,5.7,B,,,,,,,,26.36985263,274.2252632,2.687952632,51.06962105,7.385642105,38.03521053,,BDL,BDL,4.6,12.53,NS,NS,,,2025.536111
7/14/25,WE13,9,0.75,S,10:04,10:23,41.74336667,-83.13786667,4.12,Clear,3.75,25.94076471,247.3295882,2.886947059,53.74800588,7.520341176,1816.767059,0.99,BDL,BDL,3.43,7.88,18510,BDL,1654.481667,1749.090955,2025.536111
7/14/25,WE13,,8,B,,,,,,,,24.96187143,245.513,1.831764286,63.38603571,6.346542857,43.60742857,,BDL,BDL,3.7,8,NS,NS,,,2025.536111
7/14/25,WE16,6.2,0.75,S,10:41,10:58,41.65988333,-83.14443333,3.6,Clear,3,25.96402727,258.2455455,6.893081818,22.1249,7.710490909,3360.345455,2.16,BDL,BDL,4.99,9.75,19860,26,1717.316667,1798.244435,2025.536111
7/21/25,WE2,5.6,0.75,S,12:16,12:27,41.76253333,-83.3302,3,,1.25,25.40630874,272.4063224,2.424596175,54.75244153,7.080269399,1973.754098,4.77,0.19,BDL,9.19,13.58,68742,225,1746.335,1836.183528,2025.555556
7/21/25,WE2,,4.6,B,,,,,,,,25.67371538,272.5533077,2.285392308,56.47660769,7.937246154,644.4769231,,0.14,BDL,7.37,12.57,NS,NS,NS,NS,2025.555556
7/21/25,WE4,8.8,0.75,S,9:14,9:27,41.826,-83.19438333,5,Haze,2.5,25.04608161,255.8850402,2.114856322,60.2202046,6.699611494,1434.352184,4.26,BDL,BDL,3.43,9.93,22291,16,1712.458333,1764.899903,2025.555556
7/21/25,WE6,3.2,0.75,S,11:27,11:38,41.70583333,-83.38416667,2.5,Haze,1.25,24.93962453,380.3480377,2.927581761,49.03993899,5.83156478,2094.909434,5.24,0.28,0.16,2.18,11.89,85889,74,2043.965,2090.315844,2025.555556
7/21/25,WE8,5.3,0.75,S,8:28,8:46,41.83508333,-83.35806667,5,Haze,2.25,25.27395257,288.6625657,2.224680571,57.65155314,6.475571429,734.4761714,8.39,BDL,BDL,2.24,12.27,55939,76,1830.613333,1895.91337,2025.555556
7/21/25,WE8,,4.3,B,,,,,,,,25.62036667,288.7934286,2.136504762,58.6184381,7.198661905,184.12,,0.19,BDL,1.84,12.26,NS,NS,NS,NS,2025.555556
7/21/25,WE9,8.5,0.75,S,11:45,11:57,41.71713333,-83.42203333,2.5,Haze,1,25.218176,421.57052,7.3992336,16.0193432,6.032996,1736.0584,14.78,BDL,0.2,4.56,32.48,540632,BDL,2121.661667,2179.144065,2025.555556
7/21/25,WE12,6.8,0.75,S,10:49,11:06,41.70245,-83.25493333,3,"Haze, Partly Cloudy",1.5,25.0766401,260.5758937,3.461885507,44.69443961,7.027561836,1706.978744,2.78,0.12,BDL,7.79,18.68,67279,124,1744.688333,1830.43919,2025.555556
7/21/25,WE12,,5.8,B,,,,,,,,25.40526429,262.0083571,3.026585714,46.92387857,7.967957143,347.3521429,,0.14,BDL,8.77,16.12,NS,NS,NS,NS,2025.555556
7/21/25,WE13,9.2,0.75,S,9:47,10:00,41.74336667,-83.13651667,3.5,Haze,2.5,25.00689573,247.345878,2.915558537,49.08041098,6.793292683,1590.481463,2.11,BDL,BDL,5.15,17.65,43858,28,1683.23,1747.260136,2025.555556
7/21/25,WE13,,8.2,B,,,,,,,,25.22107857,247.9346429,2.695782143,50.96961071,7.493596429,363.3114286,,BDL,BDL,3.88,13.23,NS,NS,NS,NS,2025.555556
7/21/25,WE16,6.4,0.75,S,10:18,10:29,41.66068333,-83.14511667,3.5,Partly Cloudy,2.5,20.90076078,256.3129118,2.080481373,60.27241127,4.119205392,1737.958186,4.41,BDL,0.1,0.89,6.69,15672,29,1714.166667,1753.180616,2025.555556
7/28/25,WE2,5.7,0.75,S,11:59,12:15,41.76245,-83.3296,5,Partly cloudy,2,27.48962842,313.8093895,4.225125263,36.14304211,7.563186316,1958.330526,12.36,1.11,BDL,9.56,18.01,55435,158,1791.95,2014.104758,2025.575
7/28/25,WE2,,5,B,,,,,,,,26.25213636,269.7325455,3.059927273,46.53434545,6.994818182,74.11563636,,0.37,BDL,8.25,16.14,NS,NS,NS,NS,2025.575
7/28/25,WE4,8.4,0.75,S,8:57,9:11,41.826933,-83.197033,7,Clear,2.5,26.47620833,254.0723333,3.786583333,42.9851,7.869725,590.0516667,10.42,0.44,0.12,5.9,12.9,26669,117,1611.04,1789.208957,2025.575
7/28/25,WE6,3.1,0.75,S,11:12,11:25,41.70575,-83.3844,6,Partly cloudy,1.5,28.19516364,389.3609091,5.222018182,30.47699091,7.846645455,3805.481818,11.55,0.55,0.17,9.29,19.48,71947,307,1888.99,2106.167451,2025.575
7/28/25,WE8,5.1,0.75,S,8:16,8:32,41.833317,-83.3611,4,Clear,1.75,27.17116792,290.9937884,2.966932082,47.87237986,6.585786007,755.2230034,5.36,2.09,0.15,11.02,19.15,51000,504,1745.91,1948.955714,2025.575
7/28/25,WE8,,4,B,,,,,,,,26.08398462,284.3240769,2.330446154,55.84442308,6.185130769,38.68330769,,0.92,0.11,7.17,14.16,NS,NS,NS,NS,2025.575
7/28/25,WE9,8.1,0.75,S,11:30,11:44,41.7174,-83.422283,8,Partly cloudy,1,27.89199091,377.853,7.353072727,17.25384545,7.351872727,757.3027273,21.46,0.52,0.23,11.92,31.27,290804,237,1910.57,2065.715055,2025.575
7/28/25,WE12,6.7,0.75,S,10:37,10:50,41.702083,-83.253933,,Clear,1.75,26.987688,255.83448,4.574104,38.043744,8.109624,2364.48,12.94,0.95,0.16,11.17,20.28,103257,261,1655.19,1867.290393,2025.575
7/28/25,WE12,,6,B,,,,,,,,25.97200833,264.4973333,3.683733333,39.84030833,7.106633333,38.12091667,,0.74,NS,7.74,21.23,NS,NS,,NS,2025.575
7/28/25,WE13,8.9,0.75,S,9:32,9:48,41.742633,-83.136267,7,Clear,2.5,26.29748539,250.6754157,2.46496573,54.81980955,6.172327528,1065.623258,11.31,0.22,BDL,2.89,10.26,27454,112,1671.84,1807.805587,2025.575
7/28/25,WE13,,8,B,,,,,,,,25.88393846,252.2743077,3.635415385,40.31,6.214476923,22.16538462,,BDL,BDL,1.64,9.39,NS,NS,NS,NS,2025.575
7/28/25,WE16,6.1,0.75,S,10:07,10:19,41.658383,-83.144783,6,Clear,2.5,26.70098182,247.2233636,4.698736364,41.92015455,7.608318182,2121.181818,9.25,0.69,0.15,5.08,10.99,39012,158,1660.3,1802.294737,2025.575
8/4/25,WE2,5.7,0.75,S,10:47,11:09,41.76296667,-83.33041667,10,Clear,1.5,24.295876,286.5337267,5.340143333,28.93891733,7.611300667,1782.835,7.72,0.794107152,0.203348685,16.61,14.15,74835,326,1753.058333,1866.798664,2025.591667
8/4/25,WE2,,4.7,B,,,,,,,,24.29409231,287.5867692,4.5419,32.12713846,7.745523077,12.03436154,NS,1.273940477,0.126114093,13.05,12.97,NS,NS,NS,NS,2025.591667
8/4/25,WE4,8.5,0.75,S,8:29,8:48,41.82621667,-83.19581667,14,Clear,2.5,24.12160667,219.4263778,2.827614444,51.70741944,7.373593889,729.0441111,1.69,0.109414628,BDL,2.73,10.62,26109,185,1525.485,1612.156248,2025.591667
8/4/25,WE6,3.3,0.75,S,9:57,10:11,41.70733333,-83.38331667,14,Clear,1,23.73967333,362.4941333,13.21509333,6.132046667,8.191153333,2068.687333,18.08,2.810640635,0.167159258,7.48,23.62,275716,778,1860.8,1990.39644,2025.591667
8/4/25,WE8,5.3,0.75,S,7:48,8:02,41.83381667,-83.35886667,12,Clear,2.5,24.16793495,238.6846613,2.749993548,51.75360699,7.493533871,293.5387634,2.21,0.193458062,0.107407589,1.94,12.09,35910,108,1548.8,1647.546913,2025.591667
8/4/25,WE8,,4.3,B,,,,,,,,24.28458182,238.629,2.654172727,51.50363636,8.208354545,26.58854545,NS,0.184001567,BDL,1.85,11.64,NS,NS,NS,NS,2025.591667
8/4/25,WE9,3.3,0.75,S,10:18,10:30,41.71841667,-83.42026667,12,Clear,1,24.62202766,452.8876596,10.55309149,8.353248936,6.572089362,1041.788936,15.86,2.086077362,0.20367959,43.83,15.39,1030688,95,2000.501667,2088.160211,2025.591667
8/4/25,WE12,6.8,0.75,S,9:14,9:37,41.70688333,-83.2579,11,Clear,1.25,24.47619184,275.2083061,5.854359184,25.42176939,7.723171429,471.0491837,5.95,0.992989278,0.123044019,18.3,15.36,134322,500,1731.691667,1854.988992,2025.591667
8/4/25,WE12,,5.8,B,,,,,,,,24.48005455,275.9111039,4.57228961,31.9761974,7.503038961,298.7267532,NS,0.987391115,0.222469369,18.2,15.18,NS,NS,NS,NS,2025.591667
8/11/25,WE2,5.6,0.75,S,12:36,12:48,41.76241667,-83.33001667,1.5,Clear,1.25,NS,NS,NS,NS,NS,NS,6.87,1.085208835,0.164652306,,29.08,86848,627,1610.715,1764.191481,2025.611111
8/11/25,WE2,,4.6,B,,,,,,,,25.7163,262.8288947,4.940521053,29.08459474,7.743147368,36.228,NS,1.071562469,0.128902225,9.38,26.85,NS,NS,NS,NS,2025.611111
8/11/25,WE4,8.6,0.75,S,9:15,9:30,41.82646667,-83.1941,6.2,Clear,2,NS,NS,NS,NS,NS,NS,1.52,0.329906268,BDL,4.09,11.29,13201,327,1505.578333,1577.247612,2025.611111
8/11/25,WE6,3.2,0.75,S,11:43,11:58,41.70668333,-83.38348333,4.1,Clear,0.75,NS,NS,NS,NS,NS,NS,13.72,7.491512279,0.221069275,22.24,73.72,285512,5830,1401.813333,1631.306717,2025.611111
8/11/25,WE8,4.4,0.75,S,8:35,8:51,41.8342,-83.35858333,6.2,Haze,0.75,NS,NS,NS,NS,NS,NS,16.48,1.232268881,0.167992592,16.89,63.77,325306,4761,1546.06,1721.670977,2025.611111
8/11/25,WE8,,3.4,B,,,,,,,,26.50114667,324.0171,5.990136667,22.36912,9.01827,0.963016,NS,0.323214265,0.302387421,22.72,59.97,NS,NS,NS,NS,2025.611111
8/11/25,WE9,,0.75,S,12:06,12:18,41.71776667,-83.4225,2.1,Clear,0.75,NS,NS,NS,NS,NS,NS,17.33,4.592639143,0.107135143,16.43,58.16,196480,1835,1542.498333,1709.993628,2025.611111
8/11/25,WE12,6.7,0.75,S,11:05,11:18,41.70341667,-83.25423333,3.1,Clear,1.25,NS,NS,NS,NS,NS,NS,3.48,0.939298585,BDL,19.65,28.48,86165,585,1640.19,1773.10141,2025.611111
8/11/25,WE12,,5.7,B,,,,,,,,25.57291111,257.4348333,4.730455556,30.71235556,7.721694444,14.84794444,NS,0.854714133,BDL,5.07,26.26,NS,NS,NS,NS,2025.611111
8/11/25,WE13,9.1,0.75,S,9:49,10:09,41.74246667,-83.13571667,4.1,Clear,1.5,NS,NS,NS,NS,NS,NS,2.38,0.691589887,BDL,10.55,18.42,46067,495,1540.851667,1657.365924,2025.611111
8/11/25,WE13,,8.1,B,,,,,,,,24.86738947,232.1420526,3.127389474,45.82814737,5.909278947,8.418857895,NS,0.890037225,BDL,6.32,18.8,NS,NS,NS,NS,2025.611111
8/11/25,WE16,6.1,0.75,S,10:30,10:45,41.6587,-83.14493333,3.6,Clear,1.75,NS,NS,NS,NS,NS,NS,4.25,0.588385278,BDL,2.26,18.26,37068,218,1725.513333,1826.382651,2025.611111
8/19/25,WE2,5.4,0.75,S,10:39,10:56,41.76266667,-83.3307,6,"Drizzle, Cloudy",0.5,25.51996429,279.1992143,10.59260714,7.269685714,6.495635714,96.28392308,20.3,3.194795117,0.209671626,24.5,40.59,123860,1860,1594.946667,1656.32486,2025.633333
8/19/25,WE2,,0,B,,,,,,,,25.52315,278.3574,9.39685,9.54534,6.76417,3.89E-05,NS,3.019486317,0.402508682,8.16,43.62,NS,NS,NS,NS,2025.633333
8/19/25,WE6,3,0.75,S,9:42,9:59,41.70561667,-83.38533333,3.5,"Drizzle, Cloudy",0.25,25.004252,271.63568,19.615892,0.744608,5.975104,21.23017273,44.33,3.5613599,0.290012241,9.42,51.6,122392,4100,1516.778333,1567.115954,2025.633333
8/19/25,WE9,2.6,0.75,S,10:06,10:23,41.71778333,-83.4228,4,"Drizzle, Cloudy",0.25,25.30609091,390.0723636,16.15490909,1.842318182,6.065881818,93.89975,36.52,3.13357664,0.372599265,20.27,63.98,397000,1477,1788.34,1811.54273,2025.633333
8/19/25,WE12,6.6,0.75,S,8:57,9:19,41.70336667,-83.25445,4,Cloudy,0.75,25.56486364,265.1425455,9.108609091,10.6246,6.941763636,69.04164286,21.42,1.407367243,0.228258684,12.82,32.13,106144,1671,1718.045,1755.463392,2025.633333
8/19/25,WE12,,5.6,B,,,,,,,,25.60120909,265.0992727,8.609481818,11.62107273,7.096172727,6.05E-05,NS,1.283347795,0.253071727,20.33,32.46,NS,NS,NS,NS,2025.633333
8/25/25,WE2,5.3,0.75,S,12:48,13:02,41.76191667,-83.33083333,6,Partly cloudy,1,23.250775,266.6419167,7.107958333,19.62748333,7.600833333,537.0809091,16.05,2.344502584,0.383637581,10.66,24.28,122124,835,1542.42,1682.083965,2025.65
8/25/25,WE2,,4.3,B,,,,,,,,23.17956364,266.7265455,6.005936364,22.28011818,7.341618182,2.941418182,NS,2.314160631,0.348953748,10.61,23.85,NS,NS,NS,NS,2025.65
8/25/25,WE4,8.3,0.75,S,9:38,9:50,41.82571667,-83.19641667,3.5,Partly cloudy,2,23.53383333,234.1619444,14.05639444,6.279211111,7.308255556,489.8144444,2.31,1.205625545,0.217626178,4.83,12.43,35949,799,1548.55,1628.663896,2025.65
8/25/25,WE6,3.1,0.75,S,11:56,12:12,41.70613333,-83.38546667,4,Partly cloudy,0.5,22.10346,339.4504,11.05035,6.32095,7.93148,169.96525,22.89,4.772933179,0.346026964,4.03,57.14,267488,1440,1665.573333,1825.276821,2025.65
8/25/25,WE8,4.9,0.75,S,8:59,9:11,41.83375,-83.36166667,4,Partly cloudy,0.75,23.05469167,276.969,7.078066667,17.04188333,7.143458333,182.7448333,55.18,7.311986997,,4.78,40.12,150080,13798,1481.66,1614.552632,2025.65
8/25/25,WE8,,3.9,B,,,,,,,,23.05598333,276.7630833,7.015641667,17.3104,7.255933333,0.290344167,NS,6.68873096,0.386335254,3.78,37.68,NS,NS,NS,NS,2025.65
8/25/25,WE9,2.7,0.75,S,12:21,12:30,41.71801667,-83.42278333,3.5,Partly cloudy,0.5,22.48193077,372.0586154,12.04440769,4.946923077,7.641838462,618.54,40.46,3.094557084,0.336525575,8.53,56.35,308108,796,1744.768333,1915.378529,2025.65
8/25/25,WE12,6.6,0.75,S,11:20,11:32,41.70346667,-83.25401667,4.5,Partly cloudy,0.75,22.8573,271.5989,7.59019,16.16226,7.41274,939.901,13.54,2.2526979,0.307862697,6.17,23.94,72349,1458,1626.971667,1749.922887,2025.65
8/25/25,WE12,,5.6,B,,,,,,,,22.82436,272.0073,6.42135,20.08246,7.38001,0.477048,NS,3.811606555,0.358688902,2.43,27.15,NS,NS,NS,NS,2025.65
8/25/25,WE13,9,0.75,S,10:14,10:25,41.74588333,-83.13703333,4,Partly cloudy,1.25,23.58925,237.5238,5.2455,27.16647,7.5194,784.522,7.4,1.916973304,0.222889631,5.94,17.11,42074,498,1573.901667,1669.798125,2025.65
8/25/25,WE13,,8,B,,,,,,,,23.6122,237.7769091,4.777372727,30.29143636,7.401554545,0.207003636,NS,0.779153811,0.23323,4.66,17.06,NS,NS,NS,NS,2025.65
8/25/25,WE16,6.2,0.75,S,10:46,11:00,41.66341667,-83.14693333,3,Partly cloudy,0.75,23.02556364,267.5371818,11.65391818,6.489927273,7.733990909,481.4790909,15.58,0.531871484,0.266547323,3.66,17.98,61904,250,1807.715,1876.825791,2025.65
9/2/25,WE2,5.5,0.75,S,12:18,12:32,41.74445,-83.3326,4.12,Clear,1,22.38812727,265.0939091,7.420454545,16.75281818,7.7716,1553.754545,15.13,1.016253453,0.256261688,2.56,18.27,54471,1015,1585.613333,1745.729648,2025.669444
9/2/25,WE2,,4.5,B,,,,,,,,21.21196,285.1709,8.64672,11.51353,7.43261,3.17264,NS,1.235976993,0.292665138,2.29,16.65,NS,NS,NS,NS,2025.669444
9/2/25,WE4,8.4,0.75,S,9:16,9:34,41.82656667,-83.19588333,4.63,Clear,3,21.50113,227.8206,5.936,32.27367,8.21406,831.0236364,3.4,0.976565571,0.221633267,1.1,12.54,21765,547,1558.221667,1643.30943,2025.669444
9/2/25,WE6,3,0.75,S,11:26,11:39,41.70648333,-83.38428333,1.03,Clear,0.5,21.86763333,325.3835,14.4336,2.72915,7.985766667,789.9057143,32.77,1.996199668,0.322375511,2.1,26.28,178429,1283,1636.41,1855.975792,2025.669444
9/2/25,WE8,5,0.75,S,8:33,8:51,41.83438333,-83.3611,3.09,Clear,0.75,21.58454167,276.9854167,9.3729,10.07498333,7.410233333,216.21125,15.21,2.72,0.261222821,2.32,29.45,105728,702,1563.885,1708.827951,2025.669444
9/2/25,WE8,,4,B,,,,,,,,21.59747273,277.1112727,8.330772727,12.46041818,7.514872727,0.633574546,NS,2.058559976,0.324360532,1.21,25.89,NS,NS,NS,NS,2025.669444
9/2/25,WE9,2.7,0.75,S,11:48,12:00,41.71721667,-83.42123333,2.06,Clear,0.5,21.62267917,343.5257917,8.440258333,12.5213375,7.766204167,1061.758929,15.08,1.285555964,0.316854887,3.28,27.48,155326,994,1667.675,1869.669115,2025.669444
9/2/25,WE12,6.6,0.75,S,10:51,11:04,41.70156667,-83.25178333,1.54,Clear,1,21.52483,292.0138,10.293,8.27293,7.67632,932.7890909,17.86,2.425,0.311000027,1.67,25.21,99588,1320,1634.62,1800.205006,2025.669444
9/2/25,WE12,,5.6,B,,,,,,,,21.02813636,292.1980909,9.751527273,8.735772727,7.397990909,0.001982103,NS,2.466026987,0.282238031,1.13,21.32,NS,NS,,NS,2025.669444
9/2/25,WE13,8.8,0.75,S,9:54,10:04,41.74521667,-83.13696667,3.6,Clear,2,21.77732308,235.3172308,5.436007692,27.79774615,7.990723077,1161.737273,4.79,0.85663756,0.246462231,5.05,15.21,43401,684,1555.851667,1686.045939,2025.669444
9/2/25,WE13,,7.8,B,,,,,,,,21.67142222,237.0035556,3.965577778,37.10596667,8.091733333,1.879544444,NS,0.828171509,0.197095494,2.47,13.55,NS,NS,NS,NS,2025.669444
9/2/25,WE16,6.1,0.75,S,10:22,10:31,41.66071667,-83.14508333,1.03,Clear,1.5,21.51667692,257.4863846,6.050684615,26.76663077,7.820276923,1177.689091,10.79,0.723060395,0.265508832,1.13,17.24,99970,488,1700.453333,1842.982638,2025.669444
9/8/25,WE2,5.6,0.75,S,12:00,12:17,41.76285,-83.3292,3.09,Partly cloudy,0.75,19.92595385,284.6428462,7.347353846,17.27600769,7.868707692,1099.045,14.9,0.848210804,0.234358942,3.14,15.8,113088,328,1653.695,,2025.686111
9/8/25,WE2,,4.6,B,,,,,,,,19.534875,285.4706667,5.392916667,25.97011667,7.573583333,3.706546154,NS,0.919482286,0.343826454,1.72,17.34,NS,NS,NS,NS,2025.686111
9/8/25,WE4,8.6,0.75,S,9:16,9:34,41.82738333,-83.19488333,4.63,Clear,1.5,19.84581739,237.0368696,4.727256522,35.50687391,7.841082609,816.854,2.91,0.905919005,0.188333748,1.86,8.91,33269,311,1575.535,,2025.686111
9/8/25,WE6,3.1,0.75,S,11:11,11:24,41.70531667,-83.41896667,3.09,Partly cloudy,0.5,18.68602727,335.8516364,9.751690909,10.62048182,7.952109091,851.5113333,15.47,1.483319172,0.301490527,1.32,21.19,232333,715,1718.655,,2025.686111
9/8/25,WE8,5.2,0.75,S,8:28,8:51,41.8338,-83.35985,3.6,Clear,1,19.27999091,278.841,4.841863636,31.26463636,7.731681818,257.5633333,7.04,0.637046192,0.251950703,0.71,11.04,104009,550,1624.91,,2025.686111
9/8/25,WE8,,4.2,B,,,,,,,,19.27693333,278.6737778,3.956166667,37.19410556,7.643088889,4.8519,NS,0.570482334,0.24426758,1.23,12.38,NS,NS,NS,NS,2025.686111
9/8/25,WE9,2.7,0.75,S,11:32,11:44,41.71788333,-83.42331667,3.09,Partly cloudy,0.5,19.10673333,320.7160667,10.08227333,9.029026667,7.627153333,2445.013333,17.4,1.004276113,0.28451699,0.64,18.6,165442,219,1758.265,,2025.686111
9/8/25,WE12,6.7,0.75,S,10:34,10:48,41.70358333,-83.25243333,3.08,Partly cloudy,1,19.56456923,286.9512308,7.7964,16.05473846,7.912976923,1577.423077,14.85,1.293936037,0.285834483,1.47,18.87,122058,530,1673.945,,2025.686111
9/8/25,WE12,,5.7,B,,,,,,,,19.44392308,297.1671538,7.155015385,16.71733077,7.841353846,0.1148801,NS,,0.185879824,1.29,18.44,NS,NS,NS,NS,2025.686111
9/8/25,WE13,9.1,0.75,S,9:54,10:11,41.74411667,-83.13701667,3.6,Clear,1.5,20.1680125,225.9769375,4.13378125,38.27871875,7.735375,1027.0075,4.11,0.532935943,0.114033543,2.1,7.65,26114,592,1574.783333,,2025.686111
9/8/25,WE13,,8.1,B,,,,,,,,20.171625,225.991625,3.25788125,44.2916375,8.01198125,6.0594,NS,0.40455928,NS,1.53,8.48,NS,NS,NS,NS,2025.686111
9/15/25,WE2,5.5,0.75,S,12:46,13:09,41.76235,-83.33088333,4,Haze,1,21.12814375,293.0220625,6.4025375,28.38769375,7.285475,1672.335294,6.31,0.433314527,0.340665318,,9.35,50270,95,1723.526667,,2025.705556
9/15/25,WE2,,4.5,B,,,,,,,,20.78753158,294.6141579,3.481173684,41.88673684,7.092378947,33.21313333,NS,0.491560049,0.382420064,,9.35,,,,,2025.705556
9/15/25,WE4,8.4,0.75,S,9:20,9:37,41.8258,-83.19583333,5,Clear,1.75,20.81790588,255.8122941,3.691882353,41.63594118,7.483176471,449.0255556,4.39,0.35642336,0.352000167,,6.81,31280,169,1574.521667,,2025.705556
9/15/25,WE6,3,0.75,S,11:46,12:02,41.7056,-83.38518333,4.5,Clear,1,21.35698462,326.805,8.295,14.16739231,7.619169231,1106.836154,11.67,0.316032853,0.316039362,,11.05,54589,33,1751.428333,,2025.705556
9/15/25,WE8,5,0.75,S,8:32,8:51,41.83406667,-83.36078333,4,Clear,1.25,21.13513077,284.3158462,5.699146154,27.62813077,6.988846154,402.466,5.72,0.285691716,0.325011888,,8.85,68238,49,1716.953333,,2025.705556
9/15/25,WE8,,4,B,,,,,,,,21.14443077,284.5513077,4.025730769,36.5521,6.597123077,10.37638667,NS,0.177261849,0.308664026,,8.92,NS,NS,NS,,2025.705556
9/15/25,WE9,2.8,0.75,S,12:10,12:28,41.71775,-83.42351667,5.5,Haze,0.5,21.88566429,423.3054286,13.29435,3.603042857,6.829742857,1222.653636,21.24,0.488404592,0.42896654,,24.67,386776,553,1972.24,,2025.705556
9/15/25,WE12,6.6,0.75,S,11:03,11:22,41.7033,-83.25443333,4.5,Clear,2.75,21.06734444,259.6461111,5.112433333,33.59334444,7.412944444,1354.922222,2.25,,0.298847496,,3.62,28755,18,1720.946667,,2025.705556
9/15/25,WE12,,5.6,B,,,,,,,,20.5452,276.527625,3.1675875,45.6932875,7.4576,55.99575,NS,0.130003018,0.313817234,,4.63,NS,NS,NS,,2025.705556
9/15/25,WE13,9,0.75,S,9:58,10:17,41.74368333,-83.1371,5,Clear,,20.98959167,240.6705833,5.367983333,38.89000833,7.51115,1085.420833,2.53,0.178416916,0.247218238,,4.77,30011,133,1606.656667,,2025.705556
9/15/25,WE13,,8,B,,,,,,,,20.41142857,236.454,4.060328571,36.24080714,5.564478571,8.204961538,NS,0.510128671,0.323131349,,7.69,NS,NS,NS,,2025.705556
9/15/25,WE16,6,0.75,S,10:30,10:44,41.65893333,-83.14436667,5,Clear,2.5,21.157325,261.773125,7.0146625,28.7339875,8.257325,847.3388889,4.01,0.10623204,0.407153211,,5.68,107892,23,1772.813333,,2025.705556
9/23/25,WE2,5.4,0.75,S,11:56,12:03,41.76271667,-83.33108333,2.5,,1.25,22.15953846,271.4047692,4.348823077,34.77330769,6.3983,1370.309091,5.14,BDL,BDL,,7.85,47545,48,1826.063333,,2025.727778
9/23/25,WE2,,4.4,B,,,,,,,,21.79914167,271.8801667,4.168816667,35.27715833,7.401458333,46.69355,NS,0.144257274,BDL,,7.95,NS,NS,NS,,2025.727778
9/23/25,WE4,8.6,0.75,S,8:56,9:10,41.8265,-83.19328333,2.5,Haze,3,21.50188,234.1286667,2.85394,51.92332667,7.310066667,193.921,1.21,0.220022344,BDL,,4.65,11308,55,1597.501667,,2025.727778
9/23/25,WE6,2.9,0.75,S,11:06,11:14,41.70538333,-83.38468333,3,Partly Cloudy,1.25,21.76657,275.2316,5.11071,31.00469,7.44802,378.752,5.38,0.428088823,BDL,,8.48,36882,71,1863.44,,2025.727778
9/23/25,WE8,5,0.75,S,8:16,8:28,41.8343,-83.3586,3.5,Haze,1.25,21.65509,291.0137,4.31924,35.28454,5.52326,199.418,4.82,0.268636009,BDL,,9.77,53533,33,1705.901667,,2025.727778
9/23/25,WE8,,4,B,,,,,,,,22.18493333,288.287,3.908511111,37.63932222,6.653022222,5.48705,NS,0.222880415,0.119689168,,9.24,NS,NS,NS,,2025.727778
9/23/25,WE9,3,0.75,S,11:28,11:34,41.71781667,-83.42315,3.5,,0.5,22.11277,303.2872,10.56840667,7.143613333,7.34351,469.8734483,17.75,0.496156117,BDL,,17.28,124186,168,1888.3,,2025.727778
9/23/25,WE12,6.6,0.75,S,10:31,10:41,41.70313333,-83.25475,3.5,Partly Cloudy,2,21.85256667,269.4555556,3.350211111,43.27675556,7.728377778,210.1114286,3.09,BDL,BDL,,8.26,93654,48,1817.03,,2025.727778
9/23/25,WE12,,5.6,B,,,,,,,,21.69705556,269.6701111,3.248922222,44.38702222,7.582655556,13.28453333,NS,0.140721583,BDL,,8.24,NS,NS,NS,,2025.727778
9/23/25,WE13,8.9,0.75,S,9:30,9:44,41.74275,-83.136,4,Haze,2.5,21.474475,269.774625,3.3788,42.96875,6.3654875,830.7614286,4.16,BDL,BDL,,5.22,22467,32,1691.618333,,2025.727778
9/23/25,WE13,,7.9,B,,,,,,,,21.4524,269.8164286,3.478014286,41.91597143,7.114657143,1.683493548,NS,BDL,BDL,,4.39,NS,NS,NS,,2025.727778
9/23/25,WE16,6.1,0.75,S,10:01,10:10,41.66025,-83.14563333,3,"Haze, Partly Cloudy",3,21.77167143,263.0465714,2.544871429,52.93462857,6.922128571,193.0485714,5.9,0.172911122,BDL,,4.74,51444,36,1772.366667,,2025.727778
9/29/25,WE2,5.4,0.75,S,12:15,12:34,41.7622,-83.3312,4.12,Clear,1,22.42157333,302.272,5.71844,29.00264,8.051213333,1522.554545,3.72,BDL,0.204587668,,13.4,,,1840.97,,2025.744444
9/29/25,WE2,,4.4,B,,,,,,,,22.02734167,303.5864167,3.176233333,45.20133333,7.106608333,44.21953846,NS,0.132567611,0.23168691,,11.41,,,NS,,2025.744444
9/29/25,WE4,8.3,0.75,S,8:59,9:14,41.8267,-83.194,3.09,Clear,5,21.74129375,222.876125,2.61913125,53.65684375,7.12884375,523.626,1.28,BDL,0.100031506,,2.33,,,1593.406667,,2025.744444
9/29/25,WE6,2.8,0.75,S,11:18,11:34,41.7056,-83.3846,3.6,Clear,1,22.41851538,333.4570769,7.436961538,18.52830769,7.416184615,977.2713333,10.11,0.531119951,0.279608702,,22.96,,,1851.076667,,2025.744444
9/29/25,WE8,4.9,0.75,S,8:13,8:32,41.8343,-83.36,4.12,Clear,1.5,22.28168571,290.5529286,4.976928571,31.41005,7.4628,67.68126667,5.05,0.495747052,0.219306926,,9.11,,,1722.563333,,2025.744444
9/29/25,WE8,,3.9,B,,,,,,,,22.28959231,290.5618462,4.012584615,36.67298462,7.544138462,3.156374074,NS,0.456719525,0.260714337,,35,,,NS,,2025.744444
9/29/25,WE9,2.9,0.75,S,11:42,11:57,41.7176,-83.4227,4.12,Clear,0.5,22.64955,362.923875,15.574775,2.0821375,6.9705125,620.0118182,28.94,0.182528299,0.240451678,,24.12,,,1966.305,,2025.744444
9/29/25,WE12,6.6,0.75,S,10:40,10:57,41.7031,-83.2542,3.6,Clear,1.5,22.19663077,273.6906923,5.411823077,32.39730769,6.943961538,1007.949167,3.25,BDL,0.251282575,,6.11,,,1846.92,,2025.744444
9/29/25,WE12,,5.6,B,,,,,,,,22.07879167,273.7925833,3.418708333,42.54215833,7.477616667,26.76157692,NS,BDL,0.166534274,,6.13,,,NS,,2025.744444
9/29/25,WE13,8.9,0.75,S,9:34,9:48,41.7431,-83.1358,3.6,Clear,2.5,21.98591538,276.5188462,4.7877,39.83322308,7.057938462,589.6038462,2.84,BDL,0.277164037,,6.29,,,1715.956667,,2025.744444
9/29/25,WE13,,7.9,B,,,,,,,,21.89409167,278.3265,3.099133333,46.09276667,7.383333333,4.275092857,NS,BDL,0.257160921,,6.6,,,NS,,2025.744444
9/29/25,WE16,6,0.75,S,10:06,10:21,41.6593,-83.1441,2.06,Clear,2.5,22.136125,265.7213333,5.72735,38.44694167,7.310291667,641.1453846,2.71,BDL,0.282063248,,6.41,,,1816.513333,,2025.744444
10/6/25,WE2,5.4,0.75,S,12:13,12:30,41.7627,-83.3308,2.06,Clear,1.5,21.33438519,273.9163704,4.976711111,31.14509259,7.307188889,1470.171429,6.13,BDL,0.159413539,,9.94,,,,,2025.763889
10/6/25,WE2,,4.4,,,,,,,,,21.13750909,277.0846364,4.323345455,33.93108182,7.579736364,39.9054375,NS,BDL,0.152660758,,8.55,,,,,2025.763889
10/6/25,WE4,8.3,0.75,S,10:07,10:17,41.8263,-83.1974,6.69,Partly cloudy,1.5,21.37316667,264.1978333,2.42985,54.47328333,7.7705,714.1609091,2.18,0.129660833,0.195448716,,8.66,,,,,2025.763889
10/6/25,WE6,2.7,0.75,S,11:22,11:54,41.7051,-83.3854,4.12,Partly cloudy,1.5,20.83219259,273.1693704,5.517948148,29.52054444,7.041237037,1431.992857,10.7,BDL,0.219683952,,5.94,,,,,2025.763889
10/6/25,WE8,4.8,0.75,S,9:29,9:41,41.8348,-83.3596,6.69,Partly cloudy,1,21.41235,306.1379,6.06478,25.11323,7.82605,599.3727273,6.27,0.12825442,0.22332594,,11.65,,,,,2025.763889
10/6/25,WE8,,3.8,,,,,,,,,21.40339,306.09465,4.143815,35.488905,6.626365,21.8725,NS,0.118217057,0.179556747,,10.72,,,,,2025.763889
10/6/25,WE9,2.6,0.75,S,11:44,11:55,41.7176,-83.4235,4.12,Partly cloudy,0.75,21.2888814,311.1338372,6.694667442,18.83080698,8.047383721,866.5442857,14.45,0.217182338,0.166587583,,18.08,,,,,2025.763889
10/6/25,WE12,6.6,0.75,S,10:48,10:57,41.7063,-83.255,4.63,Partly cloudy,1.75,21.11547778,262.1217778,4.392533333,33.68876667,8.177433333,1397.585714,4.44,BDL,0.111710224,,8.04,,,,,2025.763889
10/6/25,WE12,,5.6,,,,,,,,,21.06176667,261.9686667,3.806322222,38.61297778,7.996977778,22.62123529,NS,BDL,0.136308495,,7.47,,,,,2025.763889
10/14/25,WE2,5.4,0.75,S,13:04,13:20,41.7625,-83.3307,1.03,Sunny,1.5,18.78395882,293.9319412,6.426941176,22.28843529,7.262647059,861.51,5.39,BDL,0.228947422,,11.62,,,ns,,2025.786111
10/14/25,WE2,,5,B,,,,,,,,18.05415238,296.1455238,4.7466,30.52530952,7.037752381,14.97,,0.236,0.166523506,,18.21,,,ns,,2025.786111
10/14/25,WE4,8.5,0.75,S,10:09,10:20,41.8266,-83.1939,2.57,Partly cloudy,3.5,18.73816667,244.0509444,3.410805556,46.61971667,7.257088889,161.12,1.46,BDL,0.186291698,,5.93,,,ns,,2025.786111
10/14/25,WE6,2.9,0.75,S,12:11,12:20,41.7052,-83.3853,1.54,Partly cloudy,2.9,17.2487,281.378,9.792591667,9.932158333,7.732525,186.02,15.17,0.198034702,1.661996874,,7.76,,,ns,,2025.786111
10/14/25,WE8,4.9,0.75,S,9:32,9:43,41.8344,-83.3604,2.06,Haze,1.5,18.28908824,295.5810588,6.024788235,22.50256471,8.020647059,89.34,7.12,0.148698648,0.229940502,,21.43,,,ns,,2025.786111
10/14/25,WE8,4.9,4,B,,,,,,,,18.26567368,295.7766316,5.535294737,25.06199474,7.920936842,1.5,,0.200464607,0.287662775,,21.33,,,ns,,2025.786111
10/14/25,WE9,2.5,0.75,S,12:29,12:41,41.7177,-83.4235,1.54,Sunny,1,17.73205556,331.175037,4.517707407,33.33294444,7.148348148,932.52,5.94,0.331414798,0.272809534,,15.84,,,ns,,2025.786111
10/14/25,WE12,6.5,0.75,S,11:37,11:47,41.7031,-83.2541,2.06,Partly cloudy,1.5,18.62733333,271.4997778,4.877816667,29.53926667,7.729744444,206.54,5.77,BDL,0.228616654,,7.26,,,ns,,2025.786111
10/14/25,WE12,,6,B,,,,,,,,18.44410769,273.0423846,4.959976923,28.94047692,7.518238462,4.67,,BDL,0.169641236,,6.78,,,ns,,2025.786111
10/14/25,WE13,,0.75,S,10:40,10:49,41.7424,-83.1359,3.09,Sunny,2,18.88853125,274.9619375,4.5931125,33.7723375,7.532125,159.88,3.73,BDL,0.726402772,,5.78,,,ns,,2025.786111
10/14/25,WE13,8.9,8,B,,,,,,,,18.8039,275.04425,3.756625,39.0958125,7.5583625,2.18,,BDL,0.495043935,,4.9,,,ns,,2025.786111
10/14/25,WE16,6,0.75,S,11:07,11:18,41.6588,-83.1449,2.06,Partly cloudy,2.5,18.48531111,249.5213333,3.298366667,43.84142222,7.774833333,352.31,3.55,BDL,0.215814682,,3.73,,,ns,,2025.786111
10/20/25,WE2,5.3,0.75,S,11:51,12:05,41.7624,-83.3304,6,Clear,1.25,16.4821,286.1973182,4.895054545,29.48706818,7.614718182,1262.987,7.77,BDL,0.219650526,,7.11,,,,,2025.802778
10/20/25,WE2,,4.3,B,,,,,,,,16.49298333,286.564,4.7751,30.30751667,8.0471,21.86715385,,BDL,0.235964383,,6.49,,,,,2025.802778
10/20/25,WE6,2.8,0.75,S,11:05,11:14,41.7054,-83.3857,6,Clear,1.25,15.282625,310.43275,5.60575,25.913075,8.6566125,859.9757143,8.94,BDL,0.234809816,,5.15,,,,,2025.802778
10/20/25,WE8,4.9,0.75,S,10:16,10:30,41.834,-83.3597,4.5,Clear,1.5,16.46965,304.8455,5.15299,27.94085,8.31209,98.17255556,6.61,BDL,0.28232218,,12.12,,,,,2025.802778
10/20/25,WE8,,3.9,B,,,,,,,,16.46153333,304.7491111,4.854055556,29.71531111,7.858655556,5.80723,,BDL,0.207819176,,11.54,,,,,2025.802778
10/20/25,WE9,2.2,0.75,S,11:22,11:33,41.7177,-83.4238,4.5,Clear,0.75,15.334885,347.1947,9.092305,10.306275,8.4496,632.6504348,21.77,BDL,0.341634483,,7.73,,,,,2025.802778